Title,Price,Datestamp
PlayStation 5 Digital Edition Console (slim),579.96,2024-11-07
PlayStation 5 Digital Edition Console (slim),579.96,2024-11-07
PlayStation 5 Digital Edition Console (slim),579.96,2024-11-07
PlayStation 5 Digital Edition Console (slim),579.96,2024-11-07
PlayStation 5 Digital Edition Console (slim),579.96,2024-11-07
PlayStation 5 Digital Edition Console (slim),579.96,2024-11-07
PlayStation 5 Digital Edition Console (slim),579.96,2024-11-07
PlayStation 5 Digital Edition Console (slim),579.96,2024-11-07
PlayStation 5 Digital Edition Console (slim),579.96,2024-11-07
PlayStation 5 Digital Edition Console (slim),579.96,2024-11-07
PlayStation 5 Digital Edition Console (slim),579.96,2024-11-07
PlayStation 5 Digital Edition Console (slim),579.96,2024-11-07
PlayStation 5 Digital Edition Console (slim),579.96,2024-11-07
PlayStation 5 Digital Edition Console (slim),579.96,2024-11-07
PlayStation 5 Digital Edition Console (slim),579.96,2024-11-07
PlayStation 5 Digital Edition Console (slim),579.96,2024-11-07
PlayStation 5 Digital Edition Console (slim),579.96,2024-11-07
PlayStation 5 Digital Edition Console (slim),579.96,2024-11-07
PlayStation 5 Digital Edition Console (slim),579.96,2024-11-07
PlayStation 5 Digital Edition Console (slim),579.96,2024-11-07
PlayStation 5 Digital Edition Console (slim),579.96,2024-11-07
PlayStation 5 Digital Edition Console (slim),579.96,2024-11-07
PlayStation 5 Digital Edition Console (slim),579.96,2024-11-07
PlayStation 5 Digital Edition Console (slim),579.96,2024-11-07
PlayStation 5 Digital Edition Console (slim),579.96,2024-11-07
PlayStation 5 Digital Edition Console (slim),579.96,2024-11-07
PlayStation 5 Digital Edition Console (slim),579.96,2024-11-07
PlayStation 5 Digital Edition Console (slim),579.96,2024-11-07
PlayStation 5 Digital Edition Console (slim),579.96,2024-11-07
PlayStation 5 Digital Edition Console (slim),579.96,2024-11-07
PlayStation 5 Digital Edition Console (slim),579.96,2024-11-07
PlayStation 5 Digital Edition Console (slim),579.96,2024-11-07
PlayStation 5 Digital Edition Console (slim),579.96,2024-11-07
PlayStation 5 Digital Edition Console (slim),579.96,2024-11-07
PlayStation 5 Digital Edition Console (slim),579.96,2024-11-07
PlayStation 5 Digital Edition Console (slim),579.96,2024-11-07
PlayStation 5 Digital Edition Console (slim),579.96,2024-11-07
PlayStation 5 Digital Edition Console (slim),579.96,2024-11-07
PlayStation 5 Digital Edition Console (slim),579.96,2024-11-07
PlayStation 5 Digital Edition Console (slim),579.96,2024-11-07
PlayStation 5 Digital Edition Console (slim),579.96,2024-11-07
PlayStation 5 Digital Edition Console (slim),579.96,2024-11-07
PlayStation 5 Digital Edition Console (slim),579.96,2024-11-07
PlayStation 5 Digital Edition Console (slim),579.96,2024-11-07
PlayStation 5 Digital Edition Console (slim),579.96,2024-11-07
PlayStation 5 Digital Edition Console (slim),579.96,2024-11-07
PlayStation 5 Digital Edition Console (slim),579.96,2024-11-07
PlayStation 5 Digital Edition Console (slim),579.96,2024-11-07
PlayStation 5 Digital Edition Console (slim),579.96,2024-11-07
PlayStation 5 Digital Edition Console (slim),579.96,2024-11-07
PlayStation 5 Digital Edition Console (slim),579.96,2024-11-07
PlayStation 5 Digital Edition Console (slim),579.96,2024-11-07
PlayStation 5 Digital Edition Console (slim),579.96,2024-11-07
PlayStation 5 Digital Edition Console (slim),579.96,2024-11-07
PlayStation 5 Digital Edition Console (slim),579.96,2024-11-07
PlayStation 5 Digital Edition Console (slim),579.96,2024-11-07
PlayStation 5 Digital Edition Console (slim),579.96,2024-11-07
PlayStation 5 Digital Edition Console (slim),579.96,2024-11-07
PlayStation 5 Digital Edition Console (slim),579.96,2024-11-07
PlayStation 5 Digital Edition Console (slim),579.96,2024-11-07
PlayStation 5 Digital Edition Console (slim),579.96,2024-11-07
PlayStation 5 Digital Edition Console (slim),579.96,2024-11-07
PlayStation 5 Digital Edition Console (slim),579.96,2024-11-07
PlayStation 5 Digital Edition Console (slim),579.96,2024-11-07
PlayStation 5 Digital Edition Console (slim),579.96,2024-11-07
PlayStation 5 Digital Edition Console (slim),579.96,2024-11-07
PlayStation 5 Digital Edition Console (slim),579.96,2024-11-07
PlayStation 5 Digital Edition Console (slim),579.96,2024-11-07
PlayStation 5 Digital Edition Console (slim),579.96,2024-11-07
PlayStation 5 Digital Edition Console (slim),579.96,2024-11-07
PlayStation 5 Digital Edition Console (slim),579.96,2024-11-07
PlayStation 5 Digital Edition Console (slim),579.96,2024-11-07
PlayStation 5 Digital Edition Console (slim),579.96,2024-11-07
PlayStation 5 Digital Edition Console (slim),579.96,2024-11-07
PlayStation 5 Digital Edition Console (slim),579.96,2024-11-07
PlayStation 5 Digital Edition Console (slim),579.96,2024-11-07
PlayStation 5 Digital Edition Console (slim),579.96,2024-11-07
PlayStation 5 Digital Edition Console (slim),579.96,2024-11-07
PlayStation 5 Digital Edition Console (slim),579.96,2024-11-07
PlayStation 5 Digital Edition Console (slim),579.96,2024-11-07
PlayStation 5 Digital Edition Console (slim),579.96,2024-11-07
PlayStation 5 Digital Edition Console (slim),579.96,2024-11-07
PlayStation 5 Digital Edition Console (slim),579.96,2024-11-07
PlayStation 5 Digital Edition Console (slim),579.96,2024-11-07
PlayStation 5 Digital Edition Console (slim),579.96,2024-11-07
PlayStation 5 Digital Edition Console (slim),579.96,2024-11-07
PlayStation 5 Digital Edition Console (slim),579.96,2024-11-07
PlayStation 5 Digital Edition Console (slim),579.96,2024-11-07
PlayStation 5 Digital Edition Console (slim),579.96,2024-11-07
PlayStation 5 Digital Edition Console (slim),579.96,2024-11-07
PlayStation 5 Digital Edition Console (slim),579.96,2024-11-07
PlayStation 5 Digital Edition Console (slim),579.96,2024-11-07
PlayStation 5 Digital Edition Console (slim),579.96,2024-11-07
PlayStation 5 Digital Edition Console (slim),579.96,2024-11-07
PlayStation 5 Digital Edition Console (slim),579.96,2024-11-07
PlayStation 5 Digital Edition Console (slim),579.96,2024-11-07
PlayStation 5 Digital Edition Console (slim),579.96,2024-11-07
PlayStation 5 Digital Edition Console (slim),579.96,2024-11-07
PlayStation 5 Digital Edition Console (slim),579.96,2024-11-07
PlayStation 5 Digital Edition Console (slim),579.96,2024-11-07
PlayStation 5 Digital Edition Console (slim),579.96,2024-11-07
PlayStation 5 Digital Edition Console (slim),579.96,2024-11-07
PlayStation 5 Digital Edition Console (slim),579.96,2024-11-07
PlayStation 5 Digital Edition Console (slim),579.96,2024-11-07
PlayStation 5 Digital Edition Console (slim),579.96,2024-11-07
PlayStation 5 Digital Edition Console (slim),579.96,2024-11-07
PlayStation 5 Digital Edition Console (slim),579.96,2024-11-07
PlayStation 5 Digital Edition Console (slim),579.96,2024-11-07
PlayStation 5 Digital Edition Console (slim),579.96,2024-11-07
PlayStation 5 Digital Edition Console (slim),579.96,2024-11-07
PlayStation 5 Digital Edition Console (slim),579.96,2024-11-07
PlayStation 5 Digital Edition Console (slim),579.96,2024-11-07
PlayStation 5 Digital Edition Console (slim),579.96,2024-11-07
PlayStation 5 Digital Edition Console (slim),579.96,2024-11-07
PlayStation 5 Digital Edition Console (slim),579.96,2024-11-07
PlayStation 5 Digital Edition Console (slim),579.96,2024-11-07
PlayStation 5 Digital Edition Console (slim),579.96,2024-11-07
PlayStation 5 Digital Edition Console (slim),579.96,2024-11-07
PlayStation 5 Digital Edition Console (slim),579.96,2024-11-07
PlayStation 5 Digital Edition Console (slim),579.96,2024-11-07
PlayStation 5 Digital Edition Console (slim),579.96,2024-11-07
PlayStation 5 Digital Edition Console (slim),579.96,2024-11-07
PlayStation 5 Digital Edition Console (slim),579.96,2024-11-07
